קלפי,סטטוס,בוחרים רשומים,מצביעים בפועל,קולות פסולים,קולות כשרים,כל,ק,צ,צד,חי,ם,ע,מחל,הנ,מרצ,תא,א,נ,בגד,רק,יש,שס,דו
1.0,תקין,770,372,3,369,64,0,21,1,17,2,1,12,8,18,109,40,2,4,56,13,1,0
3.0,תקין,703,320,13,307,32,0,22,0,10,1,1,4,2,35,88,40,0,11,52,5,4,0
4.0,תקין,713,177,4,173,10,0,9,40,4,1,0,24,3,4,20,9,0,9,12,8,19,1
5.0,תקין,708,244,3,241,30,1,17,6,21,0,0,26,2,18,46,16,1,20,27,2,8,0
6.0,תקין,780,264,7,257,22,0,20,36,4,0,2,21,3,11,52,23,0,9,41,3,10,0
7.0,תקין,694,334,6,328,26,0,37,10,11,5,0,23,8,33,88,21,2,15,37,0,12,0
8.0,תקין,585,269,4,265,23,0,10,20,5,11,0,39,1,37,39,20,1,27,16,8,7,1
9.0,תקין,540,246,9,237,24,1,9,10,8,10,0,41,2,21,48,17,1,7,29,4,5,0
10.0,תקין,527,267,2,265,30,0,26,13,22,1,3,6,6,29,61,32,0,5,29,2,0,0
11.0,תקין,629,266,2,264,26,0,36,7,17,0,7,13,3,16,52,41,0,8,33,5,0,0
12.0,תקין,728,358,9,349,35,1,15,8,16,4,1,41,9,37,91,25,2,9,43,4,8,0
13.0,תקין,624,153,5,148,11,0,9,37,6,0,0,17,0,5,22,9,1,2,11,0,18,0
14.0,תקין,680,160,4,156,9,0,4,25,2,0,0,20,6,8,22,8,0,8,20,0,24,0
15.0,תקין,638,179,4,175,14,2,6,36,2,0,0,15,1,4,24,10,1,17,26,0,17,0
16.0,תקין,603,172,3,169,13,1,3,22,10,2,1,11,7,8,39,19,0,5,16,1,11,0
17.0,תקין,759,206,4,202,18,0,9,63,3,0,1,18,6,6,19,5,1,12,16,5,19,1
18.0,תקין,553,263,5,258,27,0,13,0,14,1,8,5,2,27,69,29,1,2,52,5,1,2
19.0,תקין,505,206,1,205,18,0,22,5,8,2,0,8,0,20,64,18,1,2,34,2,1,0
20.0,תקין,434,151,4,147,12,0,7,26,7,1,0,15,2,5,25,16,0,3,8,2,18,0
21.0,תקין,691,646,1,645,0,0,0,1,0,0,0,0,0,0,0,2,0,605,0,0,37,0
22.0,תקין,822,351,5,346,39,0,41,5,16,4,1,12,5,25,100,24,1,12,58,3,0,0
23.0,תקין,593,234,4,230,19,1,17,6,22,0,4,10,4,14,48,9,1,8,65,1,1,0
24.0,תקין,778,356,4,352,27,0,28,2,12,2,3,7,6,36,121,30,1,7,58,10,2,0
25.0,תקין,686,300,2,298,32,1,25,4,9,0,0,8,3,30,72,40,0,10,49,9,1,5
26.0,תקין,735,335,6,329,35,0,30,8,6,3,2,6,4,21,89,58,0,8,47,11,1,0
27.0,תקין,553,250,3,247,18,1,34,5,11,0,2,9,5,19,53,29,1,3,46,8,3,0
28.0,תקין,711,356,5,351,48,0,38,1,7,4,1,3,6,20,103,61,3,7,41,5,3,0
29.0,תקין,713,262,4,258,17,0,11,9,5,0,0,55,2,13,47,23,2,23,37,1,13,0
30.0,תקין,530,264,6,258,24,0,11,14,12,1,2,73,9,7,27,15,0,7,34,5,16,1
31.0,תקין,790,344,6,338,32,0,19,1,18,1,22,8,6,25,92,35,5,6,64,4,0,0
32.0,תקין,700,264,4,260,24,0,17,2,17,2,0,26,3,24,64,25,0,11,37,2,4,2
33.0,תקין,726,304,9,295,51,0,17,23,23,2,2,31,5,28,48,21,0,10,21,5,8,0
34.0,תקין,686,259,6,253,31,0,18,4,25,1,3,18,2,17,56,22,2,11,31,7,4,1
35.0,תקין,707,221,3,218,19,0,19,29,13,1,1,34,1,12,35,7,0,8,17,3,19,0
36.0,תקין,637,280,4,276,26,1,22,4,6,1,0,86,4,13,35,29,1,7,34,5,2,0
37.0,תקין,773,365,3,362,122,0,12,0,35,1,0,3,6,36,50,44,2,5,37,7,2,0
38.0,תקין,666,339,6,333,85,0,16,4,13,0,3,10,4,30,68,52,0,13,28,7,0,0
39.0,תקין,687,333,7,326,29,0,27,17,26,4,6,17,3,23,85,36,0,2,37,13,1,0
40.0,תקין,694,350,4,346,17,0,31,2,22,0,1,14,6,30,93,37,7,3,71,9,2,1
41.0,תקין,621,323,1,322,44,0,12,0,35,1,3,10,0,30,83,51,0,6,37,4,3,3
42.0,תקין,564,235,6,229,43,0,19,0,19,0,3,7,3,21,54,20,0,3,35,2,0,0
43.0,תקין,720,320,2,318,44,0,17,2,43,2,0,12,4,22,72,39,2,4,48,6,1,0
44.0,תקין,511,216,9,207,31,1,19,0,18,0,0,12,3,16,45,21,0,6,29,5,1,0
45.0,תקין,484,177,1,176,22,0,31,4,8,0,2,7,2,11,49,10,0,4,24,2,0,0
46.0,תקין,755,379,5,374,28,2,15,14,14,0,0,114,7,12,48,42,2,34,36,2,4,0
47.0,תקין,451,173,1,172,12,0,11,2,21,1,2,5,2,18,41,13,0,2,36,5,1,0
48.0,תקין,660,283,2,281,35,0,19,3,25,2,5,10,2,24,65,42,2,3,40,4,0,0
49.0,תקין,589,278,4,274,28,0,34,8,17,2,0,20,4,15,58,35,0,5,38,7,1,2
50.0,תקין,807,316,4,312,26,0,27,1,11,5,7,12,10,39,84,31,4,4,41,9,1,0
51.0,תקין,685,283,9,274,22,0,23,2,11,2,19,11,3,22,59,51,0,7,39,3,0,0
52.0,תקין,710,288,6,282,30,0,30,3,11,14,29,9,2,29,35,49,3,6,27,2,3,0
53.0,תקין,744,302,4,298,33,0,26,1,14,1,20,6,4,19,63,45,1,16,38,5,6,0
54.0,תקין,743,384,7,377,22,0,31,3,13,11,16,20,3,25,99,51,3,11,53,10,3,3
55.0,תקין,712,318,15,303,14,0,25,1,6,8,22,13,4,21,61,54,1,12,29,30,2,0
56.0,תקין,542,172,1,171,19,0,9,2,3,0,0,6,3,8,58,28,0,2,28,4,0,1
57.0,תקין,729,345,7,338,29,0,35,3,9,3,16,9,6,22,78,34,2,27,58,7,0,0
58.0,תקין,479,178,3,175,10,1,10,4,4,1,3,7,3,8,78,21,0,1,22,2,0,0
59.0,תקין,755,363,6,357,28,0,22,2,13,1,1,12,11,35,88,67,0,6,60,10,0,1
60.0,תקין,712,325,9,316,53,0,25,1,25,4,4,17,2,37,50,36,0,15,40,3,3,1
61.0,תקין,543,259,5,254,26,0,28,2,19,0,2,5,3,24,57,33,1,8,36,7,2,1
62.0,תקין,527,198,8,190,20,0,13,0,7,5,1,14,11,14,34,38,1,2,16,14,0,0
63.0,תקין,791,354,8,346,21,1,20,0,17,0,1,12,6,82,56,68,0,8,49,4,0,1
64.0,תקין,667,278,2,276,58,0,11,0,15,1,2,13,2,67,48,23,0,6,27,2,0,1
65.0,תקין,764,314,7,307,54,0,18,0,13,0,4,5,3,62,44,43,0,6,41,11,2,1
66.0,תקין,776,144,2,142,15,0,9,0,6,3,1,7,2,16,37,22,0,5,15,2,0,2
67.0,תקין,550,233,5,228,34,2,19,2,12,3,2,16,1,24,40,30,0,8,32,2,1,0
68.0,תקין,457,172,0,172,25,0,12,0,8,3,5,2,3,30,32,22,0,6,22,2,0,0
69.0,תקין,791,285,4,281,61,0,14,0,13,8,1,10,2,36,47,27,1,9,37,8,7,0
70.0,תקין,762,271,5,266,46,0,15,1,17,4,2,5,2,34,53,29,2,3,46,5,1,1
71.0,תקין,577,213,4,209,38,0,19,1,10,1,0,10,2,33,22,21,2,13,31,4,2,0
72.0,תקין,655,130,4,126,25,1,11,2,0,1,0,5,4,18,24,8,0,3,20,3,1,0
73.0,תקין,694,220,5,215,37,0,9,1,13,1,0,4,1,29,39,55,1,0,18,5,0,2
74.0,תקין,655,303,9,294,17,1,22,1,22,2,4,11,3,33,70,46,1,6,39,9,6,1
75.0,תקין,705,216,1,215,18,1,30,1,18,1,2,9,3,28,35,24,0,7,24,5,4,5
76.0,תקין,673,255,5,250,46,1,20,0,15,5,4,6,3,45,30,36,0,5,27,4,1,2
77.0,תקין,654,256,4,252,19,1,26,4,10,0,3,11,7,28,47,41,1,4,33,13,3,1
78.0,תקין,475,154,2,152,27,0,18,0,7,0,3,5,0,24,27,12,0,0,26,3,0,0
79.0,תקין,770,192,2,190,31,0,15,3,13,0,0,4,3,32,39,24,1,3,21,1,0,0
80.0,תקין,710,311,5,306,31,0,16,0,8,0,2,15,1,40,59,91,2,1,29,4,2,5
81.0,תקין,584,259,2,257,16,0,12,2,15,4,4,8,5,29,73,31,1,10,35,9,3,0
82.0,תקין,728,319,6,313,31,1,18,2,14,2,0,19,3,34,67,76,0,7,28,9,2,0
83.0,תקין,569,231,2,229,36,0,12,5,10,1,1,7,1,37,40,40,0,5,30,3,0,1
84.0,תקין,567,245,5,240,17,0,13,4,3,0,0,8,7,57,44,53,0,3,26,5,0,0
85.0,תקין,700,336,4,332,20,0,44,3,5,2,6,9,3,25,97,26,2,9,62,13,6,0
86.0,תקין,804,344,5,339,26,1,24,2,8,0,2,13,4,97,51,33,2,9,56,7,4,0
87.0,תקין,770,395,2,393,44,0,39,0,18,3,7,6,5,38,86,55,0,9,60,22,1,0
88.0,תקין,557,195,1,194,39,0,12,1,14,0,0,3,3,21,22,32,3,3,32,5,0,4
89.0,תקין,553,250,4,246,21,0,28,3,6,5,0,7,1,38,37,29,3,14,41,12,1,0
90.0,תקין,548,238,5,233,19,0,10,2,6,0,1,8,0,35,62,37,1,10,30,11,1,0
91.0,תקין,691,253,2,251,25,0,18,3,15,1,3,3,7,34,52,35,1,7,40,4,1,2
92.0,תקין,651,263,4,259,28,0,18,5,25,1,0,11,4,15,44,54,1,5,38,6,2,2
93.0,תקין,697,276,0,276,37,0,17,7,12,1,4,14,6,28,42,63,0,2,30,10,0,3
94.0,תקין,697,328,2,326,31,0,32,1,11,5,0,14,8,24,64,45,2,11,58,19,1,0
95.0,תקין,784,346,1,345,26,0,34,7,10,3,0,9,9,36,83,48,2,7,57,13,1,0
96.0,תקין,666,306,3,303,26,0,30,1,11,3,4,5,6,21,83,40,0,3,37,33,0,0
97.0,תקין,747,332,8,324,29,1,31,5,10,1,0,13,1,29,78,41,2,16,54,10,3,0
98.0,תקין,690,269,2,267,28,0,21,2,6,2,0,18,3,27,81,22,0,6,36,14,0,1
99.0,תקין,617,278,8,270,34,0,16,1,8,0,4,11,6,29,56,55,1,5,31,13,0,0
100.0,תקין,765,317,4,313,25,0,38,2,7,1,1,14,6,33,74,23,0,3,74,8,4,0
101.0,תקין,689,314,3,311,29,0,29,1,8,0,1,6,2,51,63,29,0,5,69,14,4,0
102.0,תקין,537,267,5,262,25,1,11,1,13,0,3,9,10,42,36,48,2,9,42,7,3,0
103.0,תקין,712,302,3,299,16,0,34,1,16,2,3,16,2,18,59,38,0,8,65,18,3,0
104.0,תקין,589,284,0,284,34,1,26,2,16,0,0,8,8,26,68,30,0,7,53,5,0,0
105.0,תקין,685,204,2,202,20,0,11,12,21,0,0,7,1,17,25,26,0,12,39,5,6,0
106.0,תקין,623,255,5,250,26,0,38,2,16,2,1,4,3,17,72,20,3,7,35,0,4,0
107.0,תקין,541,192,2,190,16,0,18,6,12,1,2,7,9,12,37,20,0,3,40,7,0,0
108.0,תקין,565,295,3,292,22,0,26,0,27,1,2,5,9,15,90,21,4,4,61,5,0,0
109.0,תקין,447,226,3,223,18,0,34,0,16,2,0,4,2,17,53,31,1,7,32,6,0,0
110.0,תקין,742,343,6,337,63,0,17,0,24,3,3,11,1,58,51,27,4,10,52,7,5,1
111.0,תקין,690,284,10,274,31,0,13,2,7,0,4,4,2,46,48,80,0,7,15,12,0,3
112.0,תקין,627,280,4,276,19,0,23,1,8,14,23,11,7,23,58,26,1,10,44,6,1,1
113.0,תקין,626,334,4,330,21,0,18,0,12,3,0,10,5,23,138,35,5,1,47,9,3,0
114.0,תקין,786,421,3,418,38,0,35,0,13,0,1,14,11,29,144,31,5,5,78,13,1,0
115.0,תקין,793,285,6,279,36,0,26,1,7,0,2,20,2,21,64,47,0,1,42,9,1,0
116.0,תקין,584,222,1,221,21,0,14,4,8,0,5,13,0,14,66,27,0,4,39,4,2,0
117.0,תקין,723,282,5,277,27,0,28,2,6,2,14,8,1,20,74,33,5,8,45,1,2,1
118.0,תקין,643,203,5,198,43,2,23,3,21,0,2,7,0,20,20,19,0,6,24,4,4,0
119.0,תקין,626,159,4,155,41,0,30,0,9,2,0,5,2,14,16,14,0,1,17,1,3,0
120.0,תקין,742,178,2,176,29,0,20,4,11,4,0,6,2,18,20,17,1,9,27,4,3,1
121.0,תקין,764,212,3,209,48,2,24,0,16,0,1,2,1,31,41,31,0,8,0,3,1,0
122.0,תקין,607,201,3,198,38,0,27,2,16,2,0,5,2,34,22,14,3,6,26,0,1,0
123.0,תקין,554,172,3,169,30,0,13,1,9,3,1,10,4,21,21,22,1,6,20,3,1,3
124.0,תקין,640,215,2,213,45,2,20,3,15,0,0,12,1,20,20,31,0,8,32,1,0,3
125.0,תקין,639,100,2,98,26,0,10,2,7,0,1,3,1,8,15,7,0,2,14,1,1,0
126.0,תקין,721,238,3,235,71,0,23,1,13,1,0,9,2,23,19,26,3,5,35,3,0,1
127.0,תקין,649,186,4,182,35,0,18,3,9,1,3,8,3,30,16,24,1,1,24,2,1,3
128.0,תקין,706,232,4,228,57,0,21,4,15,4,2,4,1,24,37,16,2,5,28,3,1,4
129.0,תקין,500,139,1,138,36,0,14,0,4,3,0,4,2,17,17,21,0,3,14,0,2,1
130.0,תקין,669,225,2,223,48,1,36,3,18,3,3,6,0,13,21,20,2,16,26,3,0,4
131.0,תקין,689,285,4,281,66,0,35,0,15,1,2,7,2,25,42,36,1,11,34,3,1,0
132.0,תקין,551,201,3,198,39,0,28,1,23,0,0,8,1,14,20,31,2,2,19,4,2,4
133.0,תקין,427,121,1,120,28,2,15,0,4,1,0,2,2,12,13,12,0,4,20,3,1,1
134.0,תקין,582,180,1,179,46,1,22,0,14,5,0,4,1,9,20,25,0,7,17,6,1,1
135.0,תקין,533,190,3,187,19,0,13,2,10,9,0,6,3,17,48,12,0,10,30,8,0,0
136.0,תקין,644,296,9,287,30,0,28,1,16,5,0,12,1,28,48,71,1,11,30,3,2,0
137.0,תקין,579,154,3,151,35,0,13,0,10,0,0,13,1,13,20,14,1,9,15,4,2,1
138.0,תקין,705,262,6,256,11,1,12,4,8,1,2,11,9,13,94,42,1,3,37,5,2,0
139.0,תקין,757,298,6,292,66,0,44,3,15,1,2,14,4,29,36,35,0,11,26,4,2,0
140.0,תקין,662,243,3,240,63,0,43,1,17,1,0,6,1,26,28,18,1,5,28,1,1,0
141.0,תקין,563,243,5,238,26,0,19,2,8,1,0,7,9,27,62,8,1,6,53,7,2,0
142.0,תקין,763,262,2,260,72,6,30,0,21,2,0,7,0,24,37,24,0,10,22,2,2,1
143.0,תקין,640,280,2,278,48,0,33,0,17,0,5,9,1,40,46,41,2,3,25,4,0,4
144.0,תקין,751,299,5,294,58,0,54,2,25,2,1,5,5,30,37,30,1,6,35,2,1,0
145.0,תקין,703,298,8,290,27,0,20,1,10,0,1,14,6,24,82,55,1,1,42,6,0,0
146.0,תקין,788,246,1,245,49,2,40,0,26,0,0,8,3,24,29,18,0,7,32,5,2,0
147.0,תקין,745,291,5,286,82,0,35,3,17,0,2,3,4,33,36,21,3,4,35,5,3,0
148.0,תקין,764,283,8,275,52,0,19,2,14,0,0,11,1,28,38,40,1,11,50,5,3,0
149.0,תקין,496,157,5,152,36,0,28,1,5,2,1,1,1,10,23,14,0,3,24,2,1,0
150.0,תקין,585,189,2,187,31,0,29,3,13,1,0,10,3,22,24,15,1,10,23,1,0,1
151.0,תקין,459,117,0,117,27,0,14,1,2,0,0,4,1,16,19,13,0,4,11,4,1,0
152.0,תקין,664,205,3,202,43,2,39,3,20,0,0,4,0,24,19,20,0,2,20,2,1,3
153.0,תקין,475,157,3,154,17,0,7,1,10,0,0,11,3,12,44,16,1,0,21,11,0,0
154.0,תקין,721,286,7,279,63,0,27,2,14,4,0,12,2,32,37,30,1,9,40,1,3,2
155.0,תקין,871,314,4,310,17,1,28,3,20,2,13,10,5,24,69,38,4,10,54,4,8,0
156.0,תקין,546,201,7,194,23,0,17,3,3,3,0,11,3,11,43,32,2,1,34,5,3,0
157.0,תקין,462,215,1,214,25,1,17,2,15,0,3,5,8,15,68,19,0,1,30,3,2,0
158.0,תקין,689,293,7,286,17,0,31,2,11,0,37,12,4,17,61,24,0,9,49,10,2,0
159.0,תקין,508,149,8,141,4,0,1,10,4,4,0,21,0,6,27,23,0,8,9,7,17,0
160.0,תקין,503,161,3,158,6,0,5,30,9,0,2,8,1,7,39,9,1,12,12,2,15,0
161.0,תקין,546,203,3,200,54,0,30,1,19,1,0,7,2,19,29,12,1,4,18,2,1,0
162.0,תקין,517,269,4,265,24,0,9,4,11,1,4,10,6,17,48,25,0,66,32,6,0,2
163.0,תקין,619,317,4,313,47,0,31,4,10,2,2,18,6,18,104,20,0,3,44,4,0,0
164.0,תקין,459,204,10,194,14,0,5,1,5,0,4,14,1,28,52,40,0,4,16,8,1,1
165.0,תקין,581,194,3,191,59,0,21,0,12,0,0,4,2,16,20,26,1,5,22,2,1,0
166.0,תקין,417,169,1,168,36,0,18,0,20,0,1,4,2,12,26,10,0,7,31,1,0,0
167.0,תקין,691,286,4,282,45,3,33,3,15,0,1,9,4,32,28,38,0,23,41,2,4,1
168.0,תקין,552,176,2,174,51,0,19,0,5,0,1,3,4,15,26,15,1,3,28,2,1,0
169.0,תקין,490,187,3,184,40,0,25,2,12,0,1,10,0,14,27,18,3,9,21,1,0,1
170.0,תקין,709,285,8,277,48,0,36,1,24,2,1,7,1,29,41,36,0,8,39,3,1,0
171.0,תקין,497,225,0,225,40,0,20,1,12,0,2,14,0,28,29,20,0,24,33,1,1,0
172.0,תקין,492,184,3,181,22,0,12,0,18,1,0,9,0,20,28,37,0,5,22,6,0,1
173.0,תקין,515,190,0,190,41,1,22,0,17,1,2,2,4,23,22,21,1,9,17,5,2,0
174.0,תקין,761,328,3,325,69,2,35,0,27,0,2,5,3,45,47,28,2,4,43,8,3,2
175.0,תקין,683,218,1,217,52,0,36,2,8,0,3,6,1,21,27,29,0,4,25,2,1,0
176.0,תקין,587,232,1,231,71,0,28,0,20,1,2,11,0,23,23,18,2,7,18,2,1,4
178.0,תקין,643,270,1,269,55,0,28,0,22,2,0,7,1,33,34,23,0,17,37,7,2,1
179.0,תקין,647,289,6,283,53,0,37,1,21,1,1,9,6,24,42,33,3,6,32,10,3,1
180.0,תקין,632,267,2,265,50,0,26,2,11,0,0,8,4,26,33,47,1,13,41,0,2,1
181.0,תקין,655,259,6,253,35,0,23,1,15,1,1,6,1,40,33,45,2,9,37,3,1,0
182.0,תקין,657,182,2,180,29,1,20,0,14,0,0,5,1,15,24,30,2,11,28,0,0,0
183.0,תקין,740,353,1,352,38,0,44,4,12,1,2,22,6,21,55,72,4,24,40,3,2,2
184.0,תקין,535,213,1,212,13,0,21,6,10,1,3,12,1,10,52,32,4,13,22,7,5,0
185.0,תקין,720,210,4,206,39,0,10,5,10,0,0,9,4,15,45,27,5,11,25,0,1,0
186.0,תקין,610,250,4,246,31,1,20,1,15,2,1,5,5,16,54,33,0,12,46,4,0,0
187.0,תקין,574,256,6,250,32,0,27,3,9,2,0,6,5,32,42,29,2,9,45,4,2,1
188.0,תקין,628,289,2,287,40,0,12,0,11,0,5,12,6,24,38,76,2,22,34,4,1,0
189.0,תקין,547,216,4,212,23,0,19,2,6,0,0,11,6,12,44,43,1,8,35,2,0,0
190.0,תקין,713,329,5,324,36,0,22,2,15,0,4,11,7,25,65,77,2,10,38,10,0,0
191.0,תקין,586,251,9,242,16,0,22,1,9,0,3,22,1,18,32,47,1,26,42,2,0,0
192.0,תקין,682,271,6,265,31,0,21,2,10,0,0,11,2,11,53,61,4,16,37,5,1,0
193.0,תקין,609,250,3,247,41,0,26,2,16,0,1,6,5,26,33,35,3,13,36,3,1,0
194.0,תקין,684,254,6,248,36,0,14,1,18,0,0,11,2,24,45,33,2,12,37,9,2,2
195.0,תקין,667,331,5,326,18,0,30,1,21,1,2,8,3,24,55,54,3,42,55,7,1,1
196.0,תקין,759,335,7,328,29,0,29,1,12,1,5,13,6,20,71,64,3,19,35,15,3,2
197.0,תקין,634,274,6,268,22,2,28,4,15,0,2,6,6,38,57,25,0,7,50,2,4,0
198.0,תקין,570,232,2,230,28,0,20,3,19,0,1,6,1,27,56,23,1,4,37,1,3,0
199.0,תקין,634,250,1,249,28,0,15,7,31,2,3,16,10,12,47,25,0,0,47,6,0,0
201.0,תקין,731,296,13,283,35,0,26,2,7,1,5,10,6,12,55,56,0,40,25,2,1,0
202.0,תקין,709,279,5,274,23,0,25,0,21,1,3,7,1,25,51,55,1,19,35,2,4,1
203.0,תקין,674,284,7,277,34,0,16,3,12,0,3,10,8,24,49,47,0,12,51,8,0,0
204.0,תקין,448,186,5,181,22,0,25,0,3,0,0,14,4,14,31,24,2,19,17,3,2,1
205.0,תקין,656,238,2,236,30,1,11,2,7,1,2,10,4,15,40,31,2,23,51,4,2,0
206.0,תקין,504,239,3,236,24,0,13,1,4,0,0,9,2,18,45,51,2,22,44,1,0,0
207.0,תקין,677,286,6,280,51,1,22,0,16,0,1,12,2,26,30,39,0,15,60,4,1,0
208.0,תקין,627,283,0,283,56,2,27,0,11,2,1,3,4,35,33,42,3,19,41,3,1,0
209.0,תקין,533,216,7,209,32,1,29,0,6,3,0,11,1,19,25,41,1,12,24,3,1,0
210.0,תקין,793,289,6,283,52,3,47,4,11,0,0,11,5,20,33,49,0,13,30,3,1,1
211.0,תקין,476,140,1,139,28,0,13,0,10,0,1,5,5,15,15,13,1,11,19,2,0,1
212.0,תקין,526,158,1,157,33,0,15,2,12,0,1,4,2,16,24,10,0,7,19,3,8,1
213.0,תקין,531,229,6,223,42,0,25,2,17,2,1,4,3,24,24,27,0,19,28,5,0,0
214.0,תקין,595,205,3,202,18,3,14,1,7,4,0,10,2,15,52,30,0,15,29,1,1,0
215.0,תקין,436,183,3,180,15,0,12,0,8,1,0,9,3,21,36,34,0,9,30,1,1,0
216.0,תקין,579,197,2,195,37,0,13,0,7,1,0,12,4,18,29,43,0,15,12,4,0,0
217.0,תקין,561,213,1,212,30,0,17,1,20,1,0,8,1,7,39,38,0,15,29,5,1,0
218.0,תקין,733,244,1,243,32,1,32,0,8,7,1,15,3,36,30,26,0,11,26,14,1,0
219.0,תקין,492,215,4,211,28,0,22,2,9,0,0,9,5,15,29,44,0,17,27,4,0,0
220.0,תקין,675,313,9,304,32,0,18,1,12,0,2,19,5,38,52,65,1,16,38,2,2,1
221.0,תקין,590,209,5,204,15,0,33,2,7,2,1,7,5,23,32,35,0,8,32,2,0,0
222.0,תקין,419,154,6,148,19,0,0,1,4,0,9,7,0,15,23,25,2,12,30,0,1,0
223.0,תקין,529,252,3,249,22,1,18,0,11,0,0,8,3,17,49,33,0,34,46,6,0,1
224.0,תקין,612,288,4,284,17,0,30,0,12,1,0,9,5,9,88,51,0,20,32,4,6,0
225.0,תקין,594,243,2,241,58,0,24,2,18,0,2,2,0,28,43,32,0,4,23,2,2,1
235.0,תקין,451,173,3,170,26,0,34,1,8,2,0,2,3,14,31,18,1,6,23,0,0,1
236.0,תקין,444,151,3,148,27,0,6,2,9,0,1,2,1,13,15,16,2,38,15,0,0,1
237.0,תקין,431,166,1,165,29,0,22,3,8,0,0,1,1,7,26,11,1,33,15,4,0,4
238.0,תקין,552,219,2,217,32,0,38,0,15,0,0,9,3,27,25,21,1,10,31,2,3,0
239.0,תקין,643,293,7,286,25,0,7,1,12,1,3,14,7,24,42,115,2,7,19,4,1,2
240.0,תקין,642,267,5,262,67,2,35,2,11,0,1,8,2,27,42,19,2,10,28,2,4,0
241.0,תקין,742,322,5,317,78,1,25,2,21,0,5,4,5,41,50,28,2,21,27,2,3,2
242.0,תקין,663,262,3,259,77,1,18,2,5,1,1,4,3,33,41,25,0,19,24,2,0,3
243.0,תקין,636,260,3,257,75,1,14,1,15,0,0,6,3,34,28,27,1,17,30,5,0,0
244.0,תקין,519,237,8,229,40,1,10,0,9,0,1,6,3,27,47,40,0,16,23,6,0,0
246.0,תקין,615,259,5,254,51,0,18,0,11,0,2,6,2,32,41,32,1,16,37,4,1,0
247.0,תקין,680,310,7,303,63,5,22,2,21,0,7,11,1,42,37,28,0,20,38,3,1,2
248.0,תקין,768,380,12,368,40,1,27,3,19,3,5,12,3,33,87,51,0,32,31,14,7,0
249.0,תקין,717,260,3,257,49,0,31,2,13,1,1,7,3,31,37,26,0,18,27,9,2,0
250.0,תקין,670,240,1,239,45,0,14,3,24,0,1,5,6,30,30,37,0,8,32,3,0,1
251.0,תקין,500,163,6,157,44,0,17,1,13,0,1,10,6,17,17,9,0,4,16,2,0,0
252.0,תקין,753,303,5,298,66,0,36,1,15,0,5,11,11,25,38,36,0,9,36,5,2,2
253.0,תקין,626,216,1,215,49,0,33,0,7,3,0,11,6,14,30,18,0,18,23,3,0,0
254.0,תקין,562,232,3,229,53,1,15,5,4,2,4,2,2,21,28,22,1,38,26,2,3,0
255.0,תקין,739,272,3,269,62,0,27,2,8,4,1,9,1,27,51,27,0,17,28,2,3,0
256.0,תקין,695,307,8,299,47,0,24,0,26,0,5,12,1,33,54,35,0,46,11,1,2,2
257.0,תקין,552,270,5,265,36,2,18,1,15,0,1,5,9,24,49,40,1,31,25,5,1,2
277.0,תקין,480,157,0,157,34,1,16,1,17,0,0,5,2,16,12,22,1,7,19,2,2,0
279.0,תקין,670,238,4,234,59,1,23,4,8,0,0,7,4,34,31,19,0,13,23,5,2,1
280.0,תקין,736,267,4,263,67,0,20,0,32,0,0,9,4,36,27,25,0,15,25,2,1,0
281.0,תקין,663,258,1,257,58,1,34,5,19,0,1,5,0,41,23,17,1,12,30,6,1,3
282.0,תקין,510,169,2,167,36,1,16,0,5,2,0,7,0,17,19,23,0,11,23,3,3,1
283.0,תקין,703,225,2,223,64,1,23,3,16,0,0,11,3,30,12,17,3,6,30,1,2,1
284.0,תקין,621,189,5,184,50,0,23,5,17,3,3,2,2,24,16,7,0,8,17,5,2,0
285.0,תקין,681,258,5,253,73,3,19,4,15,0,1,9,3,32,16,40,2,8,23,2,0,3
286.0,תקין,738,187,1,186,62,2,20,3,17,0,0,5,2,19,21,9,0,5,19,0,1,1
287.0,תקין,697,213,4,209,61,0,31,0,18,0,0,4,3,24,20,7,0,6,28,7,0,0
288.0,תקין,528,178,2,176,40,0,23,1,14,1,0,4,5,20,21,9,1,6,24,5,1,1
289.0,תקין,730,253,2,251,54,1,28,2,16,1,1,5,5,42,25,22,3,1,43,1,0,1
290.0,תקין,638,216,3,213,36,1,19,1,13,2,1,9,3,20,14,15,0,48,26,3,2,0
291.0,תקין,722,234,5,229,42,2,24,0,10,1,3,9,0,41,25,31,2,13,18,5,3,0
292.0,תקין,585,221,3,218,18,0,26,0,20,0,0,9,9,17,48,29,2,9,23,4,1,3
293.0,תקין,664,241,0,241,62,0,28,0,24,4,2,4,4,30,20,25,3,6,26,2,1,0
294.0,תקין,629,269,6,263,64,2,23,2,13,3,2,7,5,19,40,38,1,16,20,3,4,1
295.0,תקין,796,260,3,257,62,0,38,0,20,0,3,12,3,17,28,22,0,9,29,8,3,3
296.0,תקין,456,127,0,127,13,0,14,0,14,1,3,9,7,11,12,12,0,10,20,1,0,0
297.0,תקין,737,225,1,224,51,0,21,2,19,2,0,6,3,26,32,18,0,8,30,5,0,1
298.0,תקין,653,206,6,200,38,0,14,0,17,0,0,10,2,15,29,26,0,11,30,3,3,2
299.0,תקין,569,132,2,130,25,2,12,1,18,0,0,7,2,11,11,15,0,2,18,3,2,1
300.0,תקין,591,156,6,150,37,0,21,3,5,0,1,3,3,17,18,16,0,1,21,3,1,0
301.0,תקין,615,207,5,202,45,1,19,0,12,0,1,9,5,23,33,23,0,6,23,1,0,1
302.0,תקין,608,209,0,209,44,1,24,1,18,5,2,4,1,28,22,22,0,13,20,4,0,0
303.0,תקין,667,216,0,216,63,0,19,2,25,0,0,6,2,18,19,12,0,9,29,5,2,5
304.0,תקין,568,199,2,197,38,0,26,1,13,1,0,8,1,31,19,20,1,3,28,2,4,1
310.0,תקין,698,245,2,243,19,1,14,0,6,2,7,13,0,13,63,39,5,8,47,6,0,0
323.0,תקין,378,55,1,54,11,0,8,0,6,1,0,1,0,8,4,5,0,0,9,0,0,1
324.0,תקין,673,202,4,198,46,0,22,1,14,0,1,7,2,28,14,25,1,8,23,3,3,0
325.0,תקין,604,225,6,219,48,0,24,3,17,0,0,4,1,21,25,22,0,18,32,2,0,2
326.0,תקין,603,183,0,183,36,0,24,3,25,0,2,5,1,22,17,14,2,12,18,1,0,1
327.0,תקין,664,186,1,185,42,1,26,2,16,0,1,5,2,13,30,13,0,9,21,2,0,2
328.0,תקין,662,198,3,195,42,3,21,3,16,0,0,5,5,22,21,24,0,3,21,7,1,1
329.0,תקין,631,190,6,184,40,0,20,0,18,0,0,11,2,16,21,30,0,10,13,1,2,0
330.0,תקין,783,240,6,234,52,0,14,1,22,3,0,7,4,30,40,19,4,8,23,1,2,4
331.0,תקין,647,127,5,122,16,2,3,2,19,0,0,8,0,9,18,12,2,11,15,4,0,1
333.0,תקין,833,135,1,134,22,1,15,1,15,1,0,4,1,4,19,18,0,8,16,2,5,2
334.0,תקין,492,167,1,166,50,0,26,3,17,0,1,2,0,18,16,15,1,3,12,2,0,0
335.0,תקין,661,234,4,230,43,0,28,3,26,0,0,7,2,35,19,29,3,9,24,1,0,1
336.0,תקין,555,185,1,184,52,1,15,0,26,3,0,7,1,18,19,14,1,1,21,3,1,1
337.0,תקין,478,139,3,136,32,0,13,0,23,0,0,2,1,10,11,17,1,7,9,3,5,2
338.0,תקין,623,209,4,205,65,0,26,1,27,2,2,8,3,21,13,12,3,5,15,2,0,0
339.0,תקין,680,185,2,183,75,3,18,2,15,0,1,3,1,18,17,6,1,7,14,0,1,1
340.0,תקין,688,238,3,235,64,1,21,0,21,2,2,5,5,39,21,23,1,4,22,4,0,0
341.0,תקין,456,142,1,141,41,1,14,4,15,0,0,5,0,18,7,21,0,6,6,0,1,2
342.0,תקין,630,188,6,182,47,0,22,1,25,0,0,2,4,22,12,13,0,12,19,2,1,0
343.0,תקין,506,118,2,116,27,0,7,2,18,1,1,1,2,15,13,16,1,4,5,2,1,0
344.0,תקין,719,171,3,168,43,1,23,0,19,1,0,3,0,13,17,12,0,10,19,3,4,0
345.0,תקין,605,197,3,194,53,1,25,2,26,1,1,1,2,19,16,18,0,6,15,0,5,3
364.0,תקין,612,197,1,196,41,1,25,0,19,2,1,4,3,24,29,11,1,10,21,3,1,0
365.0,תקין,484,129,2,127,28,0,19,1,8,0,1,5,3,12,8,16,1,4,14,3,2,2
367.0,תקין,567,173,3,170,50,0,22,0,15,0,0,3,0,24,17,17,0,2,17,1,1,1
368.0,תקין,488,154,3,151,44,0,15,2,1,2,0,3,0,22,15,13,0,8,21,3,0,2
369.0,תקין,499,207,3,204,43,1,34,0,21,1,1,4,0,32,8,22,1,4,30,1,0,1
370.0,תקין,716,269,5,264,65,1,42,0,17,1,1,5,3,29,30,26,0,11,26,5,1,1
371.0,תקין,697,254,3,251,65,0,20,0,11,2,1,16,1,30,35,29,1,8,24,4,3,1
372.0,תקין,634,217,1,216,61,0,17,2,18,0,0,4,1,29,26,23,0,14,13,4,1,3
373.0,תקין,558,220,0,220,45,1,38,0,13,0,0,2,4,29,20,25,0,20,22,0,1,0
374.0,תקין,528,110,0,110,34,1,12,1,9,0,0,0,1,13,12,7,0,10,10,0,0,0
375.0,תקין,720,207,3,204,64,2,23,0,18,0,0,4,3,22,17,24,0,11,13,2,0,1
376.0,תקין,703,232,4,228,49,3,29,2,17,1,1,18,2,35,10,21,2,3,24,8,0,3
378.0,תקין,634,160,2,158,44,1,31,1,6,2,0,3,3,20,16,11,1,8,10,0,0,1
379.0,תקין,566,150,1,149,39,1,21,0,10,1,0,3,0,14,15,20,1,3,14,2,2,3
380.0,תקין,770,219,5,214,62,1,22,3,15,0,0,8,1,31,15,21,2,11,14,4,4,0
382.0,תקין,736,184,4,180,46,3,28,3,8,1,0,1,1,23,15,23,0,6,16,5,1,0
383.0,תקין,603,165,4,161,34,3,17,2,10,1,0,6,1,15,24,23,0,6,14,3,2,0
384.0,תקין,600,204,3,201,64,1,23,0,21,2,1,0,2,25,19,10,3,7,22,0,0,1
386.0,תקין,812,254,2,252,75,3,29,0,13,1,2,6,1,30,25,21,1,11,25,2,4,3
387.0,תקין,727,222,1,221,53,1,27,1,14,0,2,15,3,32,25,9,1,4,23,2,6,3
388.0,תקין,633,194,7,187,56,0,22,0,7,3,3,8,3,14,24,21,1,8,12,2,0,3
390.0,תקין,650,219,3,216,48,2,25,0,10,0,0,5,0,26,36,29,0,10,21,2,2,0
391.0,תקין,644,218,2,216,69,1,25,1,11,0,1,13,0,24,14,15,0,8,24,5,0,5
392.0,תקין,700,248,0,248,68,2,39,0,8,2,1,5,3,23,29,21,2,18,25,0,1,1
393.0,תקין,604,229,1,228,69,0,23,7,17,0,1,6,4,26,15,15,1,14,24,0,3,3
394.0,תקין,641,247,4,243,83,1,35,3,17,1,0,8,5,20,30,14,0,6,20,0,0,0
395.0,תקין,771,256,4,252,74,2,35,1,10,1,0,6,1,26,24,33,1,10,24,1,2,1
396.0,תקין,767,269,2,267,69,1,33,1,19,0,1,8,4,31,23,21,2,19,30,4,1,0
397.0,תקין,705,252,2,250,72,0,35,1,10,2,1,3,1,24,25,26,0,16,25,5,3,1
398.0,תקין,733,293,2,291,85,3,32,0,14,2,5,5,4,48,12,20,1,23,31,3,1,2
400.0,תקין,694,213,0,213,76,2,27,1,8,1,1,1,1,23,18,23,0,1,22,5,1,2
401.0,תקין,625,228,3,225,57,5,22,0,11,1,1,4,1,31,30,28,0,12,20,1,1,0
426.0,תקין,598,209,1,208,59,6,26,1,13,3,0,9,5,29,12,12,1,11,15,3,1,2
427.0,תקין,560,239,2,237,74,0,20,3,7,1,0,6,2,26,31,16,1,21,21,3,2,3
428.0,תקין,623,248,5,243,73,2,19,3,14,2,3,7,0,42,21,13,1,21,18,2,1,1
429.0,תקין,714,298,6,292,103,5,38,0,9,2,0,4,0,38,19,19,6,12,28,6,0,3
430.0,תקין,552,218,1,217,65,1,29,4,11,2,1,5,3,21,20,22,1,4,18,5,1,4
431.0,תקין,409,186,0,186,70,1,13,0,12,0,1,2,1,16,24,12,0,16,16,1,0,1
432.0,תקין,583,232,15,217,70,0,11,0,14,0,0,9,4,26,17,27,0,14,16,2,6,1
433.0,תקין,488,188,1,187,75,1,24,0,12,0,0,6,1,18,8,11,3,12,9,5,0,2
434.0,תקין,672,223,3,220,89,0,22,2,9,2,0,3,1,28,14,8,3,7,27,1,2,2
435.0,תקין,596,251,6,245,88,2,25,1,22,0,2,7,1,25,21,15,2,11,15,6,1,1
436.0,תקין,729,275,1,274,95,2,28,7,25,6,0,6,0,27,13,11,0,11,28,6,6,3
437.0,תקין,789,326,3,323,93,2,28,0,27,1,2,18,4,42,33,12,0,23,26,4,6,2
439.0,תקין,663,302,8,294,100,3,28,2,15,1,1,6,2,28,35,17,1,13,33,7,0,2
440.0,תקין,679,302,1,301,107,2,23,2,22,3,1,8,2,31,22,20,3,32,21,2,0,0
441.0,תקין,687,326,2,324,96,0,32,1,18,0,0,10,2,54,35,25,2,15,24,5,3,2
442.0,תקין,562,198,3,195,63,1,21,0,9,2,1,6,3,17,21,9,3,11,20,1,4,3
443.0,תקין,690,239,3,236,56,3,26,1,22,0,5,6,4,20,20,24,1,19,19,6,3,1
444.0,תקין,749,251,5,246,60,3,24,0,9,4,1,6,1,25,32,32,2,21,17,5,4,0
445.0,תקין,719,248,1,247,84,1,29,2,15,0,0,4,0,26,16,12,12,12,25,3,6,0
446.0,תקין,599,194,1,193,59,1,17,3,11,1,2,15,1,19,12,14,2,13,18,0,3,2
447.0,תקין,514,136,0,136,50,3,14,1,5,0,1,8,1,8,8,3,1,6,17,1,8,1
448.0,תקין,565,221,1,220,81,3,17,6,12,0,1,8,3,12,20,18,2,15,9,2,9,2
449.0,תקין,753,182,3,179,57,2,21,2,15,2,2,11,1,14,13,7,0,5,19,5,3,0
451.0,תקין,553,151,0,151,46,0,13,3,16,4,0,4,1,17,21,6,1,8,9,0,0,2
452.0,תקין,630,146,1,145,33,2,18,1,16,0,0,6,3,21,13,14,0,3,7,1,4,3
453.0,תקין,574,75,1,74,23,1,3,0,8,2,1,6,1,3,6,9,0,0,6,5,0,0
454.0,תקין,515,182,1,181,40,1,18,2,20,1,2,16,1,23,10,19,0,4,19,1,4,0
455.0,תקין,514,64,2,62,14,0,7,1,4,2,0,3,0,7,9,7,0,3,4,0,1,0
456.0,תקין,488,95,0,95,32,1,4,1,6,1,1,4,2,7,5,6,1,2,15,0,4,3
457.0,תקין,476,194,2,192,79,8,10,2,10,2,0,12,0,21,12,4,0,3,8,6,7,8
458.0,תקין,630,214,2,212,62,0,22,1,12,4,0,10,2,33,15,11,0,13,20,0,7,0
472.0,תקין,506,122,1,121,38,2,10,4,14,3,0,8,1,13,10,4,0,1,6,1,5,1
473.0,תקין,162,42,1,41,13,0,2,1,5,0,0,0,0,7,5,1,0,2,1,2,2,0
474.0,תקין,551,208,2,206,49,0,32,0,11,1,2,8,3,24,24,14,1,12,20,2,1,2
475.0,תקין,586,145,4,141,40,0,18,3,8,0,0,8,1,23,7,2,0,5,9,7,10,0
476.0,תקין,654,166,1,165,37,0,19,8,10,4,1,20,2,10,18,11,1,3,12,1,5,3
477.0,תקין,670,186,4,182,68,2,22,6,4,1,0,18,4,5,15,1,0,6,21,4,3,2
478.0,תקין,694,198,2,196,61,0,24,4,11,0,2,6,4,21,23,8,0,3,16,1,10,2
480.0,תקין,624,235,8,227,43,0,17,19,13,1,4,54,1,11,21,5,0,8,12,1,15,2
481.0,תקין,721,189,2,187,56,2,5,23,5,1,2,21,0,14,9,6,0,8,15,0,19,1
482.0,תקין,698,167,3,164,30,0,8,6,5,0,0,37,2,17,10,2,0,14,21,0,11,1
483.0,תקין,645,253,7,246,58,1,15,38,12,2,2,57,1,8,14,2,1,9,13,3,9,1
487.0,תקין,537,123,1,122,36,0,9,11,3,0,0,34,1,5,6,2,0,2,8,0,5,0
488.0,תקין,522,165,8,157,45,2,6,18,13,1,2,26,0,13,13,3,0,3,7,0,3,2
491.0,תקין,707,202,5,197,63,2,24,8,8,2,4,8,1,14,8,12,1,8,20,2,8,4
492.0,תקין,574,167,2,165,35,0,9,11,13,0,3,12,2,35,11,5,0,7,17,0,3,2
494.0,תקין,709,301,0,301,109,3,28,2,16,5,0,3,1,43,14,12,2,36,21,4,2,0
495.0,תקין,415,207,4,203,66,1,23,1,10,0,1,2,0,32,13,10,3,24,6,2,6,3
496.0,תקין,715,311,0,311,105,2,30,1,21,2,0,11,2,45,22,21,0,30,11,5,1,2
497.0,תקין,260,65,1,64,18,0,13,0,1,0,1,1,0,8,10,1,1,2,6,1,0,1
498.0,תקין,709,262,3,259,88,4,27,6,17,4,0,3,0,32,14,11,0,21,16,5,7,4
499.0,תקין,647,273,0,273,105,2,25,1,24,1,1,3,1,34,24,6,0,19,23,1,2,1
501.0,תקין,592,221,1,220,63,2,25,1,11,1,1,6,0,25,20,14,0,28,18,0,4,1
502.0,תקין,305,68,2,66,19,1,7,1,6,0,0,3,0,7,11,1,0,1,6,0,1,2
503.0,תקין,675,258,1,257,87,1,51,2,16,0,0,3,2,28,24,3,0,7,23,2,7,1
504.0,תקין,624,137,2,135,54,6,18,2,13,0,0,3,2,10,7,5,0,0,9,2,1,3
506.0,תקין,171,48,1,47,17,0,10,0,5,0,0,0,0,4,1,3,0,0,6,1,0,0
507.0,תקין,370,84,1,83,36,0,12,0,10,0,0,0,0,6,5,2,0,3,6,2,0,1
508.0,תקין,469,106,2,104,43,1,12,1,3,0,0,8,0,9,11,1,0,0,13,1,0,1
509.0,תקין,649,268,3,265,90,3,24,2,13,0,0,4,1,30,17,17,2,30,22,8,2,0
529.0,תקין,689,238,2,236,62,0,18,10,5,8,0,41,3,14,13,9,0,10,19,2,20,2
533.0,תקין,668,188,3,185,58,1,6,9,5,3,2,30,4,17,13,10,0,5,5,0,17,0
534.0,תקין,721,276,6,270,72,3,25,4,15,2,2,37,1,23,24,6,0,12,24,3,13,4
535.0,תקין,561,200,5,195,67,0,18,3,8,1,1,13,2,23,13,2,1,8,20,2,13,0
546.0,תקין,452,103,3,100,33,2,7,1,6,6,0,2,2,15,4,5,0,0,7,0,6,4
547.0,תקין,445,170,2,168,38,1,7,9,8,19,0,8,0,26,12,4,1,8,9,1,14,3
548.0,תקין,732,315,8,307,115,0,13,13,15,2,1,21,3,37,21,5,2,5,44,1,8,1
569.0,תקין,533,111,1,110,48,2,12,3,9,1,0,2,0,10,6,3,0,2,9,3,0,0
570.0,תקין,529,90,0,90,40,1,8,1,7,1,0,1,0,7,4,4,0,3,4,0,6,3
571.0,תקין,524,146,0,146,70,2,14,1,8,1,0,1,0,14,6,8,0,1,7,1,4,8
572.0,תקין,587,169,0,169,61,2,14,1,19,2,0,2,0,19,7,7,0,4,10,2,13,6
573.0,תקין,544,110,1,109,61,4,3,1,5,1,0,3,0,10,2,1,1,3,8,1,4,1
574.0,תקין,442,110,0,110,43,0,11,1,6,1,0,3,0,12,8,4,0,7,5,2,5,2
575.0,תקין,477,134,1,133,61,2,15,1,14,1,0,6,0,15,4,4,0,1,5,1,1,2
576.0,תקין,658,172,0,172,91,1,9,2,16,0,0,7,2,22,5,0,0,1,6,2,4,4
577.0,תקין,707,177,2,175,81,6,10,4,8,4,0,6,1,23,7,5,0,7,3,0,6,4
578.0,תקין,805,195,4,191,76,0,12,2,21,0,1,9,1,19,8,12,0,3,13,1,10,3
579.0,תקין,754,167,1,166,73,3,19,2,14,0,0,5,0,20,4,2,0,3,11,0,9,1
580.0,תקין,692,120,2,118,34,5,5,4,7,0,1,5,3,10,10,3,0,12,5,5,7,2
582.0,תקין,812,114,2,112,36,2,6,3,3,1,1,8,0,12,6,2,0,8,11,1,9,3
585.0,תקין,620,62,0,62,21,0,3,0,3,1,0,9,1,4,6,2,0,7,1,0,3,1
586.0,תקין,610,52,1,51,17,0,7,1,1,0,0,6,1,4,3,2,0,2,3,0,1,3
587.0,תקין,489,62,3,59,14,1,1,1,2,2,0,8,5,1,10,3,0,6,0,0,5,0
588.0,תקין,514,69,1,68,14,1,2,3,2,0,0,7,2,3,8,5,0,9,0,1,9,2
592.0,תקין,735,80,3,77,16,1,3,9,2,0,1,10,4,2,4,10,0,6,1,0,8,0
611.0,תקין,694,294,5,289,93,3,23,2,18,0,0,7,0,38,25,10,0,32,27,6,1,4
612.0,תקין,637,333,3,330,114,1,24,0,20,0,1,6,1,26,34,17,2,53,20,9,0,2
613.0,תקין,694,315,27,288,100,3,26,2,13,0,0,5,0,30,15,7,0,51,27,3,4,2
614.0,תקין,525,253,2,251,107,6,17,1,15,0,3,3,0,17,13,9,1,38,13,5,2,1
616.0,תקין,472,150,0,150,56,1,13,1,5,1,0,4,0,22,10,9,0,9,16,3,0,0
618.0,תקין,487,145,2,143,43,1,13,0,8,0,3,4,3,19,14,11,0,10,13,1,0,0
619.0,תקין,691,257,0,257,59,0,43,3,15,5,2,9,0,28,29,15,1,23,18,3,2,2
620.0,תקין,648,149,3,146,42,0,16,1,8,1,1,4,3,11,9,8,0,25,13,2,2,0
622.0,תקין,513,134,0,134,20,0,11,1,7,0,1,5,0,16,18,27,1,9,15,1,0,2
634.0,תקין,582,215,5,210,20,0,12,9,8,1,1,17,7,13,36,20,3,28,25,2,8,0
635.0,תקין,791,323,4,319,29,0,21,10,21,4,1,19,4,8,64,47,7,28,45,4,6,1
636.0,תקין,723,339,5,334,24,0,18,17,9,3,2,17,4,16,74,55,2,29,59,2,2,1
637.0,תקין,632,250,5,245,12,0,18,5,8,3,5,22,4,7,56,37,3,27,33,0,5,0
638.0,תקין,658,292,7,285,16,0,23,12,11,3,4,11,4,5,57,27,2,55,42,1,11,1
639.0,תקין,499,195,2,193,21,1,11,4,10,0,2,5,0,12,37,26,2,12,47,1,2,0
640.0,תקין,719,315,3,312,16,2,25,5,8,1,1,21,9,8,62,50,3,33,58,0,10,0
641.0,תקין,673,245,2,243,18,0,19,20,8,8,1,8,3,13,37,23,3,41,36,1,3,1
642.0,תקין,654,197,3,194,26,1,17,28,5,8,0,12,4,10,23,27,2,11,14,1,4,1
643.0,תקין,441,190,2,188,14,2,8,8,15,1,5,13,4,9,35,27,0,12,30,2,3,0
644.0,תקין,561,280,3,277,22,0,12,52,6,100,0,7,2,10,9,7,35,5,5,0,5,0
645.0,תקין,563,282,4,278,71,0,7,82,0,6,0,5,1,5,6,5,23,5,21,21,20,0
646.0,תקין,622,284,5,279,14,0,4,129,7,39,0,4,0,13,9,5,25,8,7,1,14,0
647.0,תקין,765,387,8,379,32,3,9,165,3,36,0,26,0,11,12,4,34,17,7,0,20,0
648.0,תקין,777,380,6,374,42,5,17,134,11,43,0,19,0,9,18,7,19,18,12,1,19,0
649.0,תקין,583,285,8,277,27,6,8,85,8,21,0,10,0,16,20,16,11,8,26,4,8,3
650.0,תקין,613,278,3,275,17,0,19,14,7,2,1,9,2,12,34,24,5,81,41,6,1,0
661.0,תקין,428,156,5,151,15,0,3,19,2,1,0,23,1,3,22,14,1,11,7,6,23,0
662.0,תקין,602,262,8,254,10,0,3,20,2,9,1,85,0,1,16,16,3,20,12,1,55,0
663.0,תקין,453,86,1,85,24,0,5,4,0,0,0,3,1,4,10,10,0,8,14,1,1,0
664.0,תקין,535,193,3,190,3,0,2,24,3,4,1,15,0,0,18,4,0,53,14,3,46,0
665.0,תקין,698,243,7,236,10,0,4,30,8,5,0,57,2,0,29,24,2,27,9,3,26,0
666.0,תקין,683,280,2,278,12,0,3,38,3,5,0,33,1,3,16,18,1,71,10,3,61,0
667.0,תקין,644,168,13,155,15,0,2,7,4,4,3,36,1,10,34,17,1,4,8,1,8,0
668.0,תקין,611,113,4,109,21,0,5,10,3,7,1,13,3,11,10,5,2,4,9,1,4,0
669.0,תקין,429,145,5,140,4,1,3,8,3,1,0,47,0,6,8,12,0,9,7,1,30,0
670.0,תקין,609,286,7,279,5,0,9,38,3,9,0,98,1,2,27,25,1,28,14,0,19,0
671.0,תקין,455,192,8,184,12,1,2,36,4,6,2,16,2,7,29,16,0,16,15,1,17,2
672.0,תקין,493,179,2,177,8,0,6,16,2,6,4,42,0,5,19,18,2,17,7,0,25,0
673.0,תקין,611,234,4,230,14,0,5,21,2,12,1,28,3,8,36,39,3,22,7,3,26,0
674.0,תקין,653,214,5,209,13,0,10,23,7,2,2,29,0,7,23,11,0,21,11,1,49,0
675.0,תקין,522,185,4,181,15,1,4,15,4,2,1,20,1,5,21,21,4,27,8,1,31,0
676.0,תקין,519,123,6,117,12,0,1,7,6,2,1,22,0,4,17,18,3,3,6,0,15,0
677.0,תקין,546,178,4,174,7,0,6,6,4,2,2,14,2,2,45,42,1,12,5,0,24,0
678.0,תקין,553,141,6,135,5,1,3,20,3,3,0,28,1,0,9,7,7,4,6,0,38,0
679.0,תקין,697,250,10,240,12,0,7,28,3,1,1,75,1,3,19,19,2,30,5,2,32,0
680.0,תקין,521,166,2,164,13,1,4,17,6,2,1,16,3,4,22,12,11,13,5,0,34,0
681.0,תקין,544,159,6,153,16,0,6,13,4,3,2,24,0,14,22,16,2,7,2,1,21,0
682.0,תקין,740,285,5,280,11,4,2,43,3,10,2,44,3,4,29,25,3,30,7,1,59,0
683.0,תקין,690,253,7,246,7,0,5,24,1,14,1,40,2,5,25,14,8,28,8,3,60,1
684.0,תקין,660,248,5,243,9,1,5,21,5,3,1,63,3,2,39,21,4,18,8,2,38,0
685.0,תקין,664,245,4,241,12,0,8,14,5,11,1,39,0,3,25,25,2,15,7,1,72,1
686.0,תקין,632,234,1,233,17,0,12,26,2,16,6,17,0,4,34,40,3,12,12,1,31,0
687.0,תקין,691,208,4,204,23,1,6,8,0,9,1,26,4,5,32,25,0,23,13,1,27,0
688.0,תקין,567,241,5,236,6,0,1,40,1,27,5,23,2,3,27,14,0,13,5,2,66,1
689.0,תקין,539,161,3,158,4,0,5,11,4,8,2,34,1,0,22,14,1,9,9,4,30,0
690.0,תקין,703,238,3,235,22,0,3,22,4,18,0,29,5,0,38,20,5,26,12,2,29,0
691.0,תקין,542,182,9,173,20,0,1,12,4,4,7,18,2,6,28,24,2,12,13,2,17,1
692.0,תקין,593,179,7,172,18,0,8,8,10,8,0,20,1,14,27,31,0,9,6,0,11,1
693.0,תקין,620,219,7,212,17,0,12,4,2,6,7,25,3,5,27,35,3,9,19,0,38,0
694.0,תקין,717,248,7,241,12,9,8,19,5,9,11,38,5,3,33,22,2,21,0,3,41,0
695.0,תקין,597,198,9,189,7,0,7,22,3,4,3,32,0,5,28,10,0,15,5,3,45,0
697.0,תקין,536,202,1,201,18,0,0,39,0,12,0,39,1,3,14,24,1,7,6,1,36,0
698.0,תקין,420,133,2,131,11,0,7,16,1,5,0,18,0,1,14,4,0,17,11,1,25,0
701.0,תקין,606,121,2,119,5,0,6,17,2,4,1,21,0,3,17,9,2,6,5,4,17,0
702.0,תקין,645,191,2,189,7,0,9,35,4,4,2,34,1,1,29,13,0,6,9,1,33,1
703.0,תקין,412,131,2,129,14,0,3,15,2,5,0,9,0,0,29,13,2,9,7,6,15,0
704.0,תקין,443,159,1,158,19,0,7,10,1,11,1,16,6,0,21,6,1,14,5,0,40,0
705.0,תקין,444,155,9,146,16,0,7,14,0,14,1,13,1,1,18,15,0,10,4,0,32,0
706.0,תקין,451,191,3,188,3,0,10,16,0,8,8,24,6,1,15,4,0,14,3,0,76,0
707.0,תקין,530,140,10,130,3,0,2,17,0,4,2,10,0,2,41,10,0,7,4,0,28,0
708.0,תקין,633,204,5,199,14,0,1,43,1,10,4,30,1,0,21,6,0,5,0,1,62,0
709.0,תקין,517,183,1,182,41,0,1,21,0,2,0,23,0,7,14,4,0,5,2,1,61,0
710.0,תקין,596,156,2,154,12,0,7,16,5,5,2,31,2,1,32,7,0,5,7,2,20,0
711.0,תקין,604,132,5,127,4,0,4,22,6,2,0,16,1,0,20,7,2,9,2,0,32,0
712.0,תקין,428,117,4,113,11,0,2,9,3,1,0,25,0,1,31,2,0,10,7,0,11,0
713.0,תקין,600,219,8,211,5,0,4,28,3,15,0,28,0,1,19,10,0,19,11,2,66,0
714.0,תקין,566,132,3,129,1,0,4,19,2,2,2,27,0,1,32,4,1,11,8,1,13,1
715.0,תקין,629,226,6,220,13,0,4,21,1,12,2,34,1,5,46,15,1,15,9,3,38,0
716.0,תקין,409,177,2,175,55,0,12,22,0,5,3,19,0,1,17,2,1,9,5,1,23,0
717.0,תקין,667,246,6,240,13,0,11,74,8,4,2,27,3,2,39,15,0,11,3,1,27,0
718.0,תקין,521,200,6,194,11,0,4,26,8,26,3,25,3,3,17,4,0,14,4,1,44,1
719.0,תקין,607,204,5,199,17,0,7,26,1,11,3,46,0,3,24,6,0,10,9,0,36,0
720.0,תקין,750,219,5,214,38,0,5,46,1,7,1,28,1,2,15,1,0,15,6,1,47,0
721.0,תקין,686,210,7,203,3,0,0,20,2,3,0,23,0,2,16,14,1,16,4,5,93,1
722.0,תקין,467,119,3,116,2,0,1,15,2,10,0,13,1,0,12,5,0,4,7,3,41,0
723.0,תקין,564,132,1,131,5,0,1,22,0,0,1,22,1,2,18,10,0,5,1,1,42,0
724.0,תקין,749,209,4,205,12,2,6,8,9,5,2,26,2,6,38,33,0,17,12,5,22,0
725.0,תקין,611,178,2,176,44,0,5,15,1,3,1,18,1,5,23,12,0,20,6,0,22,0
726.0,תקין,628,194,6,188,6,0,2,33,2,5,0,38,2,3,16,5,1,7,3,3,62,0
727.0,תקין,649,228,6,222,14,0,4,35,3,6,2,28,3,6,38,17,1,22,14,2,27,0
728.0,תקין,671,150,6,144,18,1,6,9,4,3,2,26,1,3,26,11,3,6,4,1,20,0
729.0,תקין,622,187,3,184,21,0,4,14,4,6,7,19,0,3,36,22,1,9,5,3,30,0
730.0,תקין,612,185,2,183,11,0,2,14,1,1,0,13,3,1,12,2,0,35,0,1,87,0
731.0,תקין,571,167,8,159,10,0,4,27,1,8,0,13,0,0,14,4,0,20,4,5,48,1
732.0,תקין,609,115,3,112,8,0,4,16,3,6,2,15,1,2,22,7,0,3,1,1,21,0
733.0,תקין,578,156,3,153,12,1,4,18,2,2,4,21,2,3,29,5,1,18,4,4,20,3
734.0,תקין,630,126,2,124,13,0,10,15,0,4,2,11,0,1,15,6,0,6,3,2,36,0
735.0,תקין,598,178,6,172,5,0,2,22,0,7,0,19,2,4,13,1,1,25,2,3,65,1
736.0,תקין,600,170,5,165,7,0,5,19,4,7,3,14,1,3,22,5,0,16,5,0,54,0
737.0,תקין,785,282,10,272,10,0,1,34,2,18,2,44,2,0,22,7,0,25,7,0,97,1
738.0,תקין,741,240,15,225,25,0,9,8,6,6,4,25,2,3,40,26,0,15,11,6,38,1
739.0,תקין,695,169,7,162,10,0,6,20,1,3,7,20,1,1,6,6,1,26,1,1,51,1
740.0,תקין,800,239,7,232,10,0,6,36,1,10,2,55,2,4,14,6,0,20,2,0,64,0
741.0,תקין,568,208,7,201,6,0,2,33,1,10,0,51,0,0,15,3,1,15,5,0,59,0
742.0,תקין,605,126,5,121,4,0,1,25,0,0,0,23,1,2,4,4,1,21,2,0,31,2
743.0,תקין,688,259,4,255,11,0,7,23,6,21,0,48,1,11,30,21,14,17,23,5,17,0
744.0,תקין,464,141,2,139,5,0,9,16,2,0,2,36,0,6,1,5,0,35,0,0,22,0
745.0,תקין,549,131,2,129,1,0,2,23,0,1,0,29,0,0,12,4,1,17,3,0,36,0
746.0,תקין,685,155,3,152,4,0,0,44,1,4,1,7,1,0,26,4,0,13,1,0,46,0
747.0,תקין,437,183,7,176,20,0,3,28,0,10,3,43,0,0,15,6,0,12,7,0,29,0
748.0,תקין,802,202,5,197,4,0,4,27,3,1,2,45,0,2,23,6,2,30,0,2,46,0
749.0,תקין,722,116,5,111,5,2,4,20,2,3,0,19,1,1,2,2,0,25,2,0,23,0
750.0,תקין,758,231,8,223,18,0,9,28,14,6,0,32,1,5,35,14,3,14,16,3,25,0
751.0,תקין,663,256,5,251,13,0,9,38,6,7,4,22,6,9,48,18,3,16,19,8,25,0
752.0,תקין,646,119,8,111,7,0,5,17,3,3,0,32,1,0,6,6,0,5,6,1,19,0
753.0,תקין,667,188,8,180,3,1,3,19,2,2,0,46,2,8,18,5,1,29,4,0,35,2
754.0,תקין,456,155,6,149,2,0,3,16,3,3,0,26,1,1,7,8,0,20,0,0,59,0
755.0,תקין,506,130,4,126,2,0,0,26,4,3,0,25,1,0,8,0,0,16,7,0,34,0
756.0,תקין,742,171,7,164,13,1,3,26,2,4,4,26,1,0,19,7,0,20,4,1,33,0
757.0,תקין,465,115,5,110,2,0,4,7,2,2,0,24,0,0,13,5,0,20,3,0,28,0
758.0,תקין,519,182,4,178,27,0,6,20,0,3,5,20,3,7,30,9,5,16,5,5,17,0
759.0,תקין,636,144,2,142,19,0,0,17,3,1,0,18,0,3,25,10,0,4,8,2,32,0
760.0,תקין,628,279,5,274,24,0,3,45,2,5,1,17,1,0,16,7,0,14,11,16,112,0
761.0,תקין,453,175,7,168,11,0,1,24,1,9,0,20,0,0,18,9,0,14,4,1,56,0
762.0,תקין,576,159,2,157,7,0,3,14,4,4,1,18,0,6,25,14,0,16,10,0,35,0
763.0,תקין,456,165,8,157,2,0,1,17,1,0,2,11,1,0,24,2,0,28,2,0,66,0
764.0,תקין,632,134,5,129,6,0,6,14,2,1,0,18,3,1,20,3,2,22,0,1,29,1
765.0,תקין,606,143,2,141,13,0,2,15,1,3,2,15,2,7,29,9,1,10,5,6,21,0
766.0,תקין,511,122,2,120,1,0,7,7,3,3,0,30,0,2,12,8,0,18,1,1,27,0
772.0,תקין,673,245,4,241,13,0,1,13,1,1,1,26,1,3,8,10,0,110,2,0,51,0
773.0,תקין,759,193,6,187,8,0,5,7,4,0,0,14,2,1,25,5,1,47,5,0,63,0
774.0,תקין,749,263,9,254,10,2,2,19,2,0,1,17,3,2,22,6,2,72,6,0,88,0
775.0,תקין,687,248,4,244,12,0,2,2,0,0,0,12,0,1,12,4,1,102,2,1,93,0
776.0,תקין,581,166,1,165,7,0,5,13,0,0,0,19,0,3,5,4,0,68,1,1,39,0
777.0,תקין,570,184,2,182,3,1,0,2,1,0,5,8,2,0,5,4,2,99,1,0,49,0
778.0,תקין,638,256,1,255,10,0,0,5,2,1,0,37,0,0,19,5,1,112,4,0,59,0
780.0,תקין,655,224,6,218,4,0,3,2,2,0,0,30,1,1,16,7,0,86,5,0,60,1
781.0,תקין,699,272,5,267,7,0,2,6,1,5,2,20,5,3,15,10,0,112,4,0,74,1
782.0,תקין,724,307,6,301,9,0,6,12,2,1,2,57,3,3,18,10,0,114,6,0,58,0
783.0,תקין,500,181,3,178,16,0,4,8,4,0,8,44,0,0,14,9,1,24,3,0,43,0
784.0,תקין,744,186,3,183,12,0,0,1,2,0,0,3,2,9,9,4,0,59,0,0,81,1
785.0,תקין,591,215,5,210,13,0,1,13,0,1,1,32,0,0,10,11,0,76,1,1,50,0
786.0,תקין,776,203,10,193,7,3,0,2,0,0,3,15,1,3,17,3,1,60,4,0,74,0
787.0,תקין,720,211,8,203,9,0,5,2,2,2,0,11,2,2,7,4,0,80,3,1,72,1
788.0,תקין,564,176,3,173,7,5,1,4,0,0,1,9,3,1,1,4,1,79,1,0,56,0
789.0,תקין,659,216,2,214,17,1,13,7,2,0,0,15,6,6,25,14,0,66,3,2,37,0
790.0,תקין,707,141,4,137,16,2,1,3,6,0,0,11,1,1,8,5,0,54,5,0,24,0
791.0,תקין,573,136,2,134,20,3,1,7,1,3,0,7,3,7,10,6,0,29,7,1,25,4
792.0,תקין,669,170,9,161,11,3,2,2,3,1,2,7,1,4,6,2,1,64,3,1,47,1
793.0,תקין,759,255,4,251,7,0,2,7,1,0,0,39,0,1,34,9,0,91,4,1,55,0
795.0,תקין,610,62,1,61,9,0,1,3,0,1,1,6,2,5,7,1,0,18,3,0,3,1
797.0,תקין,691,83,3,80,14,1,0,1,1,2,0,9,1,1,7,12,1,18,1,1,10,0
800.0,תקין,681,101,5,96,23,3,2,2,1,1,0,7,0,2,6,6,0,23,4,1,14,1
803.0,תקין,213,47,0,47,5,0,4,0,1,2,0,1,0,0,0,1,0,24,5,1,2,1
821.0,תקין,538,112,1,111,39,2,6,6,6,6,0,6,0,14,3,4,0,7,5,0,5,2
822.0,תקין,632,147,2,145,57,4,9,3,9,1,0,1,0,13,12,5,0,3,15,2,2,9
825.0,תקין,530,89,2,87,22,0,5,1,5,1,0,3,0,8,9,12,0,1,7,0,5,8
826.0,תקין,565,114,4,110,31,2,7,8,1,0,1,4,2,12,11,9,0,2,4,0,4,12
827.0,תקין,505,79,0,79,25,1,8,2,7,1,0,2,2,8,6,1,0,4,7,1,2,2
835.0,תקין,782,313,6,307,3,1,1,28,1,1,0,14,2,1,20,12,0,113,5,0,104,1
836.0,תקין,616,118,9,109,16,1,0,1,2,0,2,4,2,4,16,5,0,2,4,2,5,43
837.0,תקין,615,165,3,162,8,1,3,5,6,0,0,17,3,6,27,10,0,18,1,1,11,45
838.0,תקין,579,177,0,177,14,1,3,1,2,0,0,14,3,9,15,9,0,5,2,0,10,89
839.0,תקין,677,234,4,230,6,0,2,6,1,0,0,18,2,4,9,3,0,77,3,0,98,1
840.0,תקין,572,178,3,175,1,0,2,21,4,1,0,11,1,2,6,8,0,41,5,1,70,1
841.0,תקין,660,174,4,170,4,0,2,30,5,4,1,18,1,4,18,9,0,25,5,2,42,0
842.0,תקין,775,173,3,170,1,0,1,9,4,0,0,14,0,2,21,15,1,54,6,3,38,1
843.0,תקין,655,185,4,181,10,0,4,24,4,1,0,14,0,2,17,10,0,54,4,0,36,1
844.0,תקין,594,229,5,224,4,0,2,12,3,1,2,19,0,1,20,15,1,93,5,0,46,0
845.0,תקין,604,175,4,171,2,0,3,18,4,1,3,8,0,0,10,15,0,34,3,0,70,0
846.0,תקין,735,235,5,230,3,0,2,10,4,0,0,17,3,4,22,9,0,55,6,1,94,0
847.0,תקין,540,145,5,140,4,1,2,0,1,1,1,7,13,12,24,6,0,5,2,0,17,44
848.0,תקין,656,176,7,169,7,1,3,2,2,3,8,24,5,7,39,16,0,12,2,1,26,11
849.0,תקין,759,166,9,157,6,2,0,7,5,0,1,20,1,3,30,15,1,8,3,0,39,16
850.0,תקין,643,107,4,103,2,2,1,7,0,6,4,15,2,1,8,9,0,2,1,0,25,18
851.0,תקין,680,141,2,139,3,0,4,8,0,1,21,14,2,2,20,10,1,13,4,2,33,1
852.0,תקין,786,182,7,175,1,1,6,9,1,4,6,51,1,1,23,14,0,9,6,1,39,2
853.0,תקין,462,86,3,83,0,0,1,12,0,1,4,25,0,0,10,5,0,8,0,0,17,0
854.0,תקין,615,172,7,165,6,0,1,2,5,2,1,15,2,6,24,28,0,19,6,0,36,12
855.0,תקין,748,187,11,176,7,0,3,9,9,1,9,22,5,5,16,8,0,24,3,0,54,1
856.0,תקין,479,122,10,112,4,0,1,6,1,1,8,15,0,2,14,18,1,5,2,0,32,2
857.0,תקין,655,141,15,126,3,0,0,33,3,0,0,30,0,2,15,7,0,8,3,5,17,0
858.0,תקין,525,143,4,139,2,1,3,5,1,0,1,2,1,4,5,10,0,58,1,0,44,1
859.0,תקין,640,142,5,137,5,0,1,4,6,0,7,26,2,1,12,18,1,12,3,0,38,1
860.0,תקין,612,226,1,225,8,0,5,6,6,4,2,16,3,3,18,5,2,55,11,1,80,0
861.0,תקין,715,202,7,195,3,2,1,5,1,1,0,10,2,0,46,32,0,7,0,0,23,62
862.0,תקין,662,157,10,147,4,0,4,10,7,1,6,43,3,4,14,8,0,13,0,2,25,3
863.0,תקין,519,131,4,127,9,1,6,6,1,0,13,18,1,2,12,6,0,7,4,2,29,10
865.0,תקין,636,182,4,178,5,3,3,2,0,3,9,4,12,2,13,4,0,16,2,0,50,50
866.0,תקין,462,97,5,92,2,0,1,14,0,0,1,27,0,1,5,9,0,8,3,0,21,0
869.0,תקין,449,127,4,123,2,1,2,5,2,0,3,29,9,3,23,6,2,2,0,0,20,14
870.0,תקין,479,111,7,104,0,1,3,5,2,0,4,12,9,0,22,9,1,3,1,0,29,3
871.0,תקין,665,109,4,105,5,0,1,7,5,0,0,19,3,8,20,12,0,1,3,2,19,0
872.0,תקין,596,162,4,158,3,0,1,4,2,0,3,38,10,6,31,16,0,3,2,0,35,4
873.0,תקין,702,197,4,193,7,0,5,6,1,2,32,11,27,2,22,4,0,5,2,1,24,42
874.0,תקין,563,155,1,154,1,0,6,3,5,5,3,29,32,1,20,7,0,7,4,0,30,1
875.0,תקין,571,120,4,116,3,2,0,1,5,0,2,3,1,4,30,17,0,4,4,1,6,33
876.0,תקין,605,255,3,252,1,5,0,6,0,3,2,0,5,6,31,1,0,2,0,0,0,190
877.0,תקין,735,211,1,210,6,0,0,27,1,1,3,21,0,1,13,3,1,48,1,0,84,0
878.0,תקין,643,185,3,182,5,2,2,1,4,2,1,7,4,3,48,24,0,2,2,0,12,63
879.0,תקין,561,195,4,191,3,3,5,6,0,5,3,5,4,6,36,4,1,1,0,5,5,99
880.0,תקין,682,277,6,271,0,4,0,2,4,3,0,2,2,12,50,5,2,4,3,0,3,175
881.0,תקין,656,157,2,155,1,1,0,5,1,13,21,27,7,2,24,1,0,2,4,0,25,21
882.0,תקין,514,186,7,179,7,2,2,0,3,0,5,29,16,6,26,14,0,8,5,2,23,31
884.0,תקין,717,221,4,217,5,5,0,1,0,0,1,1,7,7,32,6,1,5,2,1,9,134
885.0,תקין,719,251,7,244,8,7,4,2,2,1,0,7,3,19,41,8,0,0,2,1,4,135
886.0,תקין,718,218,4,214,7,4,2,4,4,2,2,12,2,10,15,13,0,4,2,2,13,116
887.0,תקין,471,131,7,124,14,0,0,1,3,4,1,6,4,8,14,3,0,4,2,1,7,52
888.0,תקין,562,186,2,184,9,2,0,0,0,4,0,2,6,4,30,7,0,0,0,7,6,107
890.0,תקין,525,133,7,126,17,2,0,1,4,1,0,2,5,9,7,7,0,4,2,5,6,54
891.0,תקין,626,205,10,195,30,3,1,5,6,5,0,9,3,8,17,15,0,3,11,0,18,61
892.0,תקין,477,149,3,146,47,1,10,1,7,0,1,6,0,20,12,9,1,1,11,2,1,16
893.0,תקין,439,158,6,152,22,5,6,1,2,8,0,3,3,9,13,5,0,1,6,0,2,66
894.0,תקין,735,192,15,177,2,1,2,16,1,0,11,28,7,7,37,11,2,1,4,0,16,31
895.0,תקין,535,156,4,152,1,0,5,3,1,0,7,21,16,1,28,9,0,12,3,0,32,13
896.0,תקין,456,107,4,103,2,0,0,2,0,8,7,5,15,0,10,11,0,1,2,0,40,0
897.0,תקין,569,209,5,204,6,0,2,10,3,6,88,11,13,0,13,0,1,4,3,0,43,1
916.0,תקין,820,174,4,170,39,2,4,2,9,1,1,5,6,29,27,9,0,2,8,0,8,18
918.0,תקין,621,222,8,214,21,6,3,1,4,0,0,0,4,43,24,0,1,3,9,0,4,91
919.0,תקין,732,253,6,247,4,4,2,2,3,0,1,1,3,30,58,2,0,0,2,1,2,132
923.0,תקין,712,281,4,277,8,23,0,0,1,4,0,0,11,6,49,2,0,0,4,2,1,166
925.0,תקין,536,242,8,234,7,6,2,2,0,3,0,0,7,4,13,6,1,0,5,3,0,175
926.0,תקין,610,238,4,234,6,6,0,1,1,0,7,2,5,9,21,0,0,5,2,0,2,167
927.0,תקין,743,312,10,302,5,7,2,1,0,5,3,32,1,10,35,19,0,1,1,2,0,178
934.0,תקין,642,196,1,195,12,0,0,0,2,1,1,4,2,8,22,0,0,1,2,0,12,128
935.0,תקין,744,290,3,287,12,4,3,2,2,8,0,1,4,12,40,2,2,1,7,3,5,179
952.0,תקין,227,46,2,44,1,0,6,0,2,0,0,1,1,3,9,3,0,0,15,3,0,0
954.0,תקין,130,5,1,4,0,0,0,0,0,0,0,0,0,0,0,0,0,1,2,1,0,0
959.0,תקין,294,53,0,53,14,1,5,0,3,3,1,3,0,10,4,0,0,3,2,0,3,1
962.0,תקין,398,139,3,136,12,1,3,0,1,0,0,0,7,12,14,4,0,2,7,3,1,69
963.0,תקין,316,87,3,84,15,0,0,7,0,0,0,2,0,0,2,22,0,8,1,1,26,0
965.0,תקין,601,62,1,61,22,0,4,2,4,0,0,3,6,3,4,1,0,3,4,1,3,1
967.0,תקין,450,123,3,120,19,0,3,0,5,3,1,5,5,5,19,9,1,1,7,7,4,26
968.0,תקין,550,225,4,221,16,2,12,1,12,1,16,6,5,20,59,27,2,5,29,7,1,0
990.0,תקין,612,9,1,8,2,0,1,0,0,0,0,1,0,0,3,0,0,0,0,0,1,0
992.0,תקין,0,"3,781",240,"3,541",461,2,779,66,124,20,22,213,61,243,624,97,8,165,511,43,97,5
993.0,תקין,"399,696","142,087","2,792","139,295","21,199",530,"10,564","5,031","6,301","1,671","1,325","8,838","1,801","10,894","20,166","12,911",749,"9,811","13,350","2,060","8,377","3,717"
